[{"cinema":"cinespaco","place":"florianopolis","place_label":"florianópolis","city":"florianopolis","city_label":"florianópolis","url":"http://cinespaco.com.br/cidade/florianopolis"},{"cinema":"cinespaco","place":"joao pessoa","place_label":"joão pessoa","city":"joao pessoa","city_label":"joão pessoa","url":"http://cinespaco.com.br/cidade/joao-pessoa"},{"cinema":"cinespaco","place":"novo hamburgo","place_label":"novo hamburgo","city":"novo hamburgo","city_label":"novo hamburgo","url":"http://cinespaco.com.br/cidade/novo-hamburgo"},{"cinema":"cinespaco","place":"porto alegre","place_label":"porto alegre","city":"porto alegre","city_label":"porto alegre","url":"http://cinespaco.com.br/cidade/porto-alegre"},{"cinema":"cinespaco","place":"rio de janeiro","place_label":"rio de janeiro","city":"rio de janeiro","city_label":"rio de janeiro","url":"http://cinespaco.com.br/cidade/rio-de-janeiro"},{"cinema":"cinespaco","place":"santos","place_label":"santos","city":"santos","city_label":"santos","url":"http://cinespaco.com.br/cidade/santos"},{"cinema":"cinespaco","place":"sao goncalo","place_label":"são gonçalo","city":"sao goncalo","city_label":"são gonçalo","url":"http://cinespaco.com.br/cidade/sao-goncalo"},{"cinema":"cinespaco","place":"tubarao","place_label":"tubarão","city":"tubarao","city_label":"tubarão","url":"http://cinespaco.com.br/cidade/tubarao"}]